{"cameraMode":{"drawMode":0,"name":"Shaded","section":"Shading Mode"},"sceneLighting":true,"audioPlay":false,"sceneViewState":{"m_AlwaysRefresh":false,"showFog":true,"showSkybox":true,"showFlares":true,"showImageEffects":true,"showParticleSystems":true,"showVisualEffectGraphs":true,"m_FxEnabled":true},"in2DMode":false,"pivot":{"x":-0.3004319965839386,"y":0.6412016153335571,"z":0.8533567190170288},"rotation":{"x":0.16489551961421967,"y":-0.6307576298713684,"z":0.13974688947200776,"w":0.7456199526786804},"size":1.537028431892395,"orthographic":false}