{"cameraMode":{"drawMode":0,"name":"Shaded","section":"Shading Mode"},"sceneLighting":true,"audioPlay":false,"sceneViewState":{"m_AlwaysRefresh":false,"showFog":true,"showSkybox":true,"showFlares":true,"showImageEffects":true,"showParticleSystems":true,"showVisualEffectGraphs":true,"m_FxEnabled":true},"in2DMode":false,"pivot":{"x":-0.24644526839256288,"y":1.0703126192092896,"z":-2.7290031909942629},"rotation":{"x":-0.003837757743895054,"y":0.9933153390884399,"z":-0.11193324625492096,"w":-0.0353299155831337},"size":0.6056984663009644,"orthographic":false}