{"cameraMode":{"drawMode":0,"name":"Shaded","section":"Shading Mode"},"sceneLighting":false,"audioPlay":false,"sceneViewState":{"m_AlwaysRefresh":false,"showFog":false,"showSkybox":false,"showFlares":false,"showImageEffects":false,"showParticleSystems":false,"showVisualEffectGraphs":true,"m_FxEnabled":true},"in2DMode":false,"pivot":{"x":0.07186740636825562,"y":0.8822894096374512,"z":0.10286065936088562},"rotation":{"x":0.06345601379871369,"y":-0.8522098064422607,"z":0.10641123354434967,"w":0.5084012746810913},"size":1.8054089546203614,"orthographic":false}